<?xml version="1.0" encoding="UTF-8"?>
<conteudo>
    <postagem codigo="1">
        <titulo>Título da notícia 1</titulo>
        <corpo>Primeira notícia Lorem ipsum dolor sit amet, consectetur adipisicing elit. Rerum id aspernatur rem quibusdam animi, obcaecati repellendus explicabo fugiat cupiditate at deserunt doloribus optio numquam eum laboriosam, maxime sapiente quaerat quasi nesciunt quam. Aliquid sed labore incidunt maiores veritatis ab unde, atque nesciunt adipisci dicta reiciendis dignissimos impedit. Debitis distinctio sunt quisquam in aperiam facilis animi nesciunt quis necessitatibus culpa accusamus doloremque ipsum, rem facere maiores a est laboriosam praesentium voluptatum voluptas iure molestias! Quisquam molestiae dolor saepe quasi libero id iste maxime temporibus ex neque, laboriosam ipsam cupiditate odio sed enim voluptate ipsum officiis. Dicta non adipisci nihil. Repudiandae ex similique harum quod laborum doloremque pariatur itaque voluptatibus. Iusto, exercitationem deserunt repudiandae cum commodi officiis atque libero nihil nostrum cumque sapiente, dicta delectus repellendus veniam fugit sequi quidem eligendi alias ipsam, asperiores id vel. Adipisci fugiat, dolor sit architecto provident inventore officia, sed distinctio numquam aperiam consequatur, recusandae dicta. Corporis quod aliquam voluptatibus ab! Expedita similique libero quas repellendus ex velit, distinctio optio, necessitatibus fugit quos iure beatae cum quis illum, tenetur fugiat dolores at neque maxime soluta alias. Inventore mollitia quo vitae rerum repellendus modi dolorem doloremque optio consequatur nisi, aspernatur non! Consequuntur ea quae dicta doloribus laudantium cupiditate provident numquam totam nam saepe perspiciatis necessitatibus quidem ex, ducimus velit sapiente vitae assumenda facilis modi tenetur dolorum sint fugit! Ipsam explicabo aut voluptatem itaque nemo est soluta quae culpa fuga laborum, ipsa illo. Earum doloribus laborum exercitationem placeat cumque illum quas! Nulla et, laboriosam culpa tenetur fugiat fugit architecto.</corpo>
        <imagem_1>hulk.jpg</imagem_1>
    </postagem>
    <postagem codigo="2">
        <titulo>Título da notícia 2</titulo>
        <corpo>Segunda notícia Lorem ipsum dolor sit amet, consectetur adipisicing elit. Rerum id aspernatur rem quibusdam animi, obcaecati repellendus explicabo fugiat cupiditate at deserunt doloribus optio numquam eum laboriosam, maxime sapiente quaerat quasi nesciunt quam. Aliquid sed labore incidunt maiores veritatis ab unde, atque nesciunt adipisci dicta reiciendis dignissimos impedit. Debitis distinctio sunt quisquam in aperiam facilis animi nesciunt quis necessitatibus culpa accusamus doloremque ipsum, rem facere maiores a est laboriosam praesentium voluptatum voluptas iure molestias! Quisquam molestiae dolor saepe quasi libero id iste maxime temporibus ex neque, laboriosam ipsam cupiditate odio sed enim voluptate ipsum officiis. Dicta non adipisci nihil. Repudiandae ex similique harum quod laborum doloremque pariatur itaque voluptatibus. Iusto, exercitationem deserunt repudiandae cum commodi officiis atque libero nihil nostrum cumque sapiente, dicta delectus repellendus veniam fugit sequi quidem eligendi alias ipsam, asperiores id vel. Adipisci fugiat, dolor sit architecto provident inventore officia, sed distinctio numquam aperiam consequatur, recusandae dicta. Corporis quod aliquam voluptatibus ab! Expedita similique libero quas repellendus ex velit, distinctio optio, necessitatibus fugit quos iure beatae cum quis illum, tenetur fugiat dolores at neque maxime soluta alias. Inventore mollitia quo vitae rerum repellendus modi dolorem doloremque optio consequatur nisi, aspernatur non! Consequuntur ea quae dicta doloribus laudantium cupiditate provident numquam totam nam saepe perspiciatis necessitatibus quidem ex, ducimus velit sapiente vitae assumenda facilis modi tenetur dolorum sint fugit! Ipsam explicabo aut voluptatem itaque nemo est soluta quae culpa fuga laborum, ipsa illo. Earum doloribus laborum exercitationem placeat cumque illum quas! Nulla et, laboriosam culpa tenetur fugiat fugit architecto.</corpo>
        <imagem_1>wolverine.jpg</imagem_1>
    </postagem>
    <postagem codigo="3">
        <titulo>Título da notícia 3</titulo>
        <corpo>Terceira notícia Lorem ipsum dolor sit amet, consectetur adipisicing elit. Rerum id aspernatur rem quibusdam animi, obcaecati repellendus explicabo fugiat cupiditate at deserunt doloribus optio numquam eum laboriosam, maxime sapiente quaerat quasi nesciunt quam. Aliquid sed labore incidunt maiores veritatis ab unde, atque nesciunt adipisci dicta reiciendis dignissimos impedit. Debitis distinctio sunt quisquam in aperiam facilis animi nesciunt quis necessitatibus culpa accusamus doloremque ipsum, rem facere maiores a est laboriosam praesentium voluptatum voluptas iure molestias! Quisquam molestiae dolor saepe quasi libero id iste maxime temporibus ex neque, laboriosam ipsam cupiditate odio sed enim voluptate ipsum officiis. Dicta non adipisci nihil. Repudiandae ex similique harum quod laborum doloremque pariatur itaque voluptatibus. Iusto, exercitationem deserunt repudiandae cum commodi officiis atque libero nihil nostrum cumque sapiente, dicta delectus repellendus veniam fugit sequi quidem eligendi alias ipsam, asperiores id vel. Adipisci fugiat, dolor sit architecto provident inventore officia, sed distinctio numquam aperiam consequatur, recusandae dicta. Corporis quod aliquam voluptatibus ab! Expedita similique libero quas repellendus ex velit, distinctio optio, necessitatibus fugit quos iure beatae cum quis illum, tenetur fugiat dolores at neque maxime soluta alias. Inventore mollitia quo vitae rerum repellendus modi dolorem doloremque optio consequatur nisi, aspernatur non! Consequuntur ea quae dicta doloribus laudantium cupiditate provident numquam totam nam saepe perspiciatis necessitatibus quidem ex, ducimus velit sapiente vitae assumenda facilis modi tenetur dolorum sint fugit! Ipsam explicabo aut voluptatem itaque nemo est soluta quae culpa fuga laborum, ipsa illo. Earum doloribus laborum exercitationem placeat cumque illum quas! Nulla et, laboriosam culpa tenetur fugiat fugit architecto.</corpo>
        <imagem_1>mm.png</imagem_1>
    </postagem>
</conteudo>